{
  "comparison/recorder.swift": 1777388790.6744177,
  "comparison/launcher.py": 1777376813.4280949,
  "comparison/record_session.py": 1777398457.5573654,
  "comparison/comparison.html": 1777399675.6926527,
  "comparison/README.md": 1777383491.6946285
}